County,State,AQI,state_county,Date,County Code
baldwin,alabama,26,alabama_baldwin,2018-05-26,1003
colbert,alabama,34,alabama_colbert,2018-05-26,1033
dekalb,alabama,41,alabama_dekalb,2018-05-26,1049
elmore,alabama,32,alabama_elmore,2018-05-26,1051
etowah,alabama,41,alabama_etowah,2018-05-26,1055
houston,alabama,24,alabama_houston,2018-05-26,1069
jefferson,alabama,46,alabama_jefferson,2018-05-26,1073
madison,alabama,41,alabama_madison,2018-05-26,1089
mobile,alabama,31,alabama_mobile,2018-05-26,1097
montgomery,alabama,45,alabama_montgomery,2018-05-26,1101
morgan,alabama,38,alabama_morgan,2018-05-26,1103
russell,alabama,30,alabama_russell,2018-05-26,1113
shelby,alabama,31,alabama_shelby,2018-05-26,1117
tuscaloosa,alabama,30,alabama_tuscaloosa,2018-05-26,1125
apache,arizona,13,arizona_apache,2018-05-26,4001
cochise,arizona,44,arizona_cochise,2018-05-26,4003
coconino,arizona,80,arizona_coconino,2018-05-26,4005
gila,arizona,67,arizona_gila,2018-05-26,4007
maricopa,arizona,71,arizona_maricopa,2018-05-26,4013
mohave,arizona,17,arizona_mohave,2018-05-26,4015
navajo,arizona,61,arizona_navajo,2018-05-26,4017
pima,arizona,58,arizona_pima,2018-05-26,4019
pinal,arizona,72,arizona_pinal,2018-05-26,4021
yavapai,arizona,48,arizona_yavapai,2018-05-26,4025
yuma,arizona,91,arizona_yuma,2018-05-26,4027
arkansas,arkansas,32,arkansas_arkansas,2018-05-26,5001
craighead,arkansas,40,arkansas_craighead,2018-05-26,5031
crittenden,arkansas,47,arkansas_crittenden,2018-05-26,5035
garland,arkansas,38,arkansas_garland,2018-05-26,5051
polk,arkansas,50,arkansas_polk,2018-05-26,5113
pulaski,arkansas,49,arkansas_pulaski,2018-05-26,5119
union,arkansas,34,arkansas_union,2018-05-26,5139
washington,arkansas,58,arkansas_washington,2018-05-26,5143
alameda,california,46,california_alameda,2018-05-26,6001
amador,california,37,california_amador,2018-05-26,6005
butte,california,35,california_butte,2018-05-26,6007
calaveras,california,45,california_calaveras,2018-05-26,6009
contra_costa,california,35,california_contra_costa,2018-05-26,6013
el_dorado,california,36,california_el_dorado,2018-05-26,6017
fresno,california,45,california_fresno,2018-05-26,6019
glenn,california,17,california_glenn,2018-05-26,6021
humboldt,california,31,california_humboldt,2018-05-26,6023
imperial,california,97,california_imperial,2018-05-26,6025
kern,california,45,california_kern,2018-05-26,6029
kings,california,44,california_kings,2018-05-26,6031
lake,california,22,california_lake,2018-05-26,6033
los_angeles,california,55,california_los_angeles,2018-05-26,6037
madera,california,42,california_madera,2018-05-26,6039
marin,california,30,california_marin,2018-05-26,6041
mendocino,california,24,california_mendocino,2018-05-26,6045
merced,california,35,california_merced,2018-05-26,6047
monterey,california,31,california_monterey,2018-05-26,6053
napa,california,30,california_napa,2018-05-26,6055
nevada,california,30,california_nevada,2018-05-26,6057
orange,california,38,california_orange,2018-05-26,6059
placer,california,39,california_placer,2018-05-26,6061
riverside,california,69,california_riverside,2018-05-26,6065
sacramento,california,35,california_sacramento,2018-05-26,6067
san_benito,california,31,california_san_benito,2018-05-26,6069
san_bernardino,california,51,california_san_bernardino,2018-05-26,6071
san_diego,california,41,california_san_diego,2018-05-26,6073
san_francisco,california,28,california_san_francisco,2018-05-26,6075
san_joaquin,california,36,california_san_joaquin,2018-05-26,6077
san_luis_obispo,california,70,california_san_luis_obispo,2018-05-26,6079
san_mateo,california,30,california_san_mateo,2018-05-26,6081
santa_barbara,california,36,california_santa_barbara,2018-05-26,6083
santa_clara,california,30,california_santa_clara,2018-05-26,6085
santa_cruz,california,31,california_santa_cruz,2018-05-26,6087
shasta,california,35,california_shasta,2018-05-26,6089
siskiyou,california,36,california_siskiyou,2018-05-26,6093
solano,california,28,california_solano,2018-05-26,6095
sonoma,california,29,california_sonoma,2018-05-26,6097
stanislaus,california,35,california_stanislaus,2018-05-26,6099
sutter,california,40,california_sutter,2018-05-26,6101
tehama,california,41,california_tehama,2018-05-26,6103
tulare,california,44,california_tulare,2018-05-26,6107
tuolumne,california,38,california_tuolumne,2018-05-26,6109
ventura,california,37,california_ventura,2018-05-26,6111
yolo,california,35,california_yolo,2018-05-26,6113
adams,colorado,87,colorado_adams,2018-05-26,8001
arapahoe,colorado,67,colorado_arapahoe,2018-05-26,8005
boulder,colorado,71,colorado_boulder,2018-05-26,8013
delta,colorado,37,colorado_delta,2018-05-26,8029
denver,colorado,90,colorado_denver,2018-05-26,8031
douglas,colorado,80,colorado_douglas,2018-05-26,8035
el_paso,colorado,77,colorado_el_paso,2018-05-26,8041
fremont,colorado,17,colorado_fremont,2018-05-26,8043
jefferson,colorado,108,colorado_jefferson,2018-05-26,8059
larimer,colorado,97,colorado_larimer,2018-05-26,8069
mesa,colorado,58,colorado_mesa,2018-05-26,8077
montezuma,colorado,64,colorado_montezuma,2018-05-26,8083
montrose,colorado,71,colorado_montrose,2018-05-26,8085
pueblo,colorado,20,colorado_pueblo,2018-05-26,8101
weld,colorado,122,colorado_weld,2018-05-26,8123
fairfield,connecticut,147,connecticut_fairfield,2018-05-26,9001
hartford,connecticut,74,connecticut_hartford,2018-05-26,9003
litchfield,connecticut,93,connecticut_litchfield,2018-05-26,9005
middlesex,connecticut,100,connecticut_middlesex,2018-05-26,9007
new_haven,connecticut,140,connecticut_new_haven,2018-05-26,9009
new_london,connecticut,112,connecticut_new_london,2018-05-26,9011
tolland,connecticut,84,connecticut_tolland,2018-05-26,9013
windham,connecticut,101,connecticut_windham,2018-05-26,9015
kent,delaware,41,delaware_kent,2018-05-26,10001
new_castle,delaware,64,delaware_new_castle,2018-05-26,10003
sussex,delaware,38,delaware_sussex,2018-05-26,10005
district_of_columbia,district of columbia,53,district of columbia_district_of_columbia,2018-05-26,11001
alachua,florida,25,florida_alachua,2018-05-26,12001
bay,florida,31,florida_bay,2018-05-26,12005
brevard,florida,33,florida_brevard,2018-05-26,12009
broward,florida,29,florida_broward,2018-05-26,12011
citrus,florida,30,florida_citrus,2018-05-26,12017
collier,florida,29,florida_collier,2018-05-26,12021
columbia,florida,24,florida_columbia,2018-05-26,12023
duval,florida,34,florida_duval,2018-05-26,12031
escambia,florida,33,florida_escambia,2018-05-26,12033
highlands,florida,28,florida_highlands,2018-05-26,12055
hillsborough,florida,27,florida_hillsborough,2018-05-26,12057
indian_river,florida,34,florida_indian_river,2018-05-26,12061
lake,florida,28,florida_lake,2018-05-26,12069
lee,florida,34,florida_lee,2018-05-26,12071
leon,florida,23,florida_leon,2018-05-26,12073
manatee,florida,27,florida_manatee,2018-05-26,12081
marion,florida,26,florida_marion,2018-05-26,12083
martin,florida,30,florida_martin,2018-05-26,12085
miami-dade,florida,30,florida_miami-dade,2018-05-26,12086
nassau,florida,30,florida_nassau,2018-05-26,12089
okaloosa,florida,30,florida_okaloosa,2018-05-26,12091
orange,florida,27,florida_orange,2018-05-26,12095
osceola,florida,28,florida_osceola,2018-05-26,12097
palm_beach,florida,31,florida_palm_beach,2018-05-26,12099
pasco,florida,25,florida_pasco,2018-05-26,12101
pinellas,florida,26,florida_pinellas,2018-05-26,12103
polk,florida,26,florida_polk,2018-05-26,12105
putnam,florida,1,florida_putnam,2018-05-26,12107
santa_rosa,florida,31,florida_santa_rosa,2018-05-26,12113
sarasota,florida,30,florida_sarasota,2018-05-26,12115
seminole,florida,28,florida_seminole,2018-05-26,12117
st._lucie,florida,32,florida_st._lucie,2018-05-26,12111
volusia,florida,28,florida_volusia,2018-05-26,12127
bibb,georgia,28,georgia_bibb,2018-05-26,13021
chatham,georgia,28,georgia_chatham,2018-05-26,13051
chattooga,georgia,30,georgia_chattooga,2018-05-26,13055
clarke,georgia,30,georgia_clarke,2018-05-26,13059
clayton,georgia,23,georgia_clayton,2018-05-26,13063
cobb,georgia,35,georgia_cobb,2018-05-26,13067
coffee,georgia,16,georgia_coffee,2018-05-26,13069
columbia,georgia,25,georgia_columbia,2018-05-26,13073
dekalb,georgia,34,georgia_dekalb,2018-05-26,13089
dougherty,georgia,18,georgia_dougherty,2018-05-26,13095
douglas,georgia,28,georgia_douglas,2018-05-26,13097
floyd,georgia,36,georgia_floyd,2018-05-26,13115
fulton,georgia,40,georgia_fulton,2018-05-26,13121
glynn,georgia,25,georgia_glynn,2018-05-26,13127
gwinnett,georgia,34,georgia_gwinnett,2018-05-26,13135
hall,georgia,26,georgia_hall,2018-05-26,13139
henry,georgia,31,georgia_henry,2018-05-26,13151
houston,georgia,38,georgia_houston,2018-05-26,13153
lowndes,georgia,25,georgia_lowndes,2018-05-26,13185
murray,georgia,32,georgia_murray,2018-05-26,13213
muscogee,georgia,35,georgia_muscogee,2018-05-26,13215
richmond,georgia,32,georgia_richmond,2018-05-26,13245
rockdale,georgia,29,georgia_rockdale,2018-05-26,13247
walker,georgia,24,georgia_walker,2018-05-26,13295
hawaii,hawaii,200,hawaii_hawaii,2018-05-26,15001
honolulu,hawaii,35,hawaii_honolulu,2018-05-26,15003
kauai,hawaii,10,hawaii_kauai,2018-05-26,15007
maui,hawaii,15,hawaii_maui,2018-05-26,15009
ada,idaho,50,idaho_ada,2018-05-26,16001
bannock,idaho,36,idaho_bannock,2018-05-26,16005
bonneville,idaho,25,idaho_bonneville,2018-05-26,16019
canyon,idaho,22,idaho_canyon,2018-05-26,16027
nez_perce,idaho,10,idaho_nez_perce,2018-05-26,16069
twin_falls,idaho,29,idaho_twin_falls,2018-05-26,16083
adams,illinois,61,illinois_adams,2018-05-26,17001
champaign,illinois,108,illinois_champaign,2018-05-26,17019
cook,illinois,133,illinois_cook,2018-05-26,17031
dupage,illinois,100,illinois_dupage,2018-05-26,17043
kane,illinois,97,illinois_kane,2018-05-26,17089
lake,illinois,108,illinois_lake,2018-05-26,17097
macon,illinois,97,illinois_macon,2018-05-26,17115
macoupin,illinois,54,illinois_macoupin,2018-05-26,17117
madison,illinois,97,illinois_madison,2018-05-26,17119
mchenry,illinois,101,illinois_mchenry,2018-05-26,17111
mclean,illinois,93,illinois_mclean,2018-05-26,17113
peoria,illinois,93,illinois_peoria,2018-05-26,17143
randolph,illinois,44,illinois_randolph,2018-05-26,17157
rock_island,illinois,100,illinois_rock_island,2018-05-26,17161
sangamon,illinois,80,illinois_sangamon,2018-05-26,17167
will,illinois,100,illinois_will,2018-05-26,17197
winnebago,illinois,97,illinois_winnebago,2018-05-26,17201
allen,indiana,50,indiana_allen,2018-05-26,18003
bartholomew,indiana,58,indiana_bartholomew,2018-05-26,18005
boone,indiana,61,indiana_boone,2018-05-26,18011
clark,indiana,53,indiana_clark,2018-05-26,18019
delaware,indiana,50,indiana_delaware,2018-05-26,18035
dubois,indiana,45,indiana_dubois,2018-05-26,18037
elkhart,indiana,87,indiana_elkhart,2018-05-26,18039
floyd,indiana,44,indiana_floyd,2018-05-26,18043
gibson,indiana,14,indiana_gibson,2018-05-26,18051
greene,indiana,61,indiana_greene,2018-05-26,18055
hamilton,indiana,51,indiana_hamilton,2018-05-26,18057
hendricks,indiana,45,indiana_hendricks,2018-05-26,18063
henry,indiana,37,indiana_henry,2018-05-26,18065
howard,indiana,58,indiana_howard,2018-05-26,18067
huntington,indiana,46,indiana_huntington,2018-05-26,18069
jackson,indiana,49,indiana_jackson,2018-05-26,18071
knox,indiana,71,indiana_knox,2018-05-26,18083
lake,indiana,101,indiana_lake,2018-05-26,18089
madison,indiana,58,indiana_madison,2018-05-26,18095
marion,indiana,60,indiana_marion,2018-05-26,18097
monroe,indiana,48,indiana_monroe,2018-05-26,18105
morgan,indiana,46,indiana_morgan,2018-05-26,18109
perry,indiana,45,indiana_perry,2018-05-26,18123
porter,indiana,122,indiana_porter,2018-05-26,18127
shelby,indiana,54,indiana_shelby,2018-05-26,18145
st._joseph,indiana,108,indiana_st._joseph,2018-05-26,18141
tippecanoe,indiana,37,indiana_tippecanoe,2018-05-26,18157
vanderburgh,indiana,49,indiana_vanderburgh,2018-05-26,18163
vigo,indiana,67,indiana_vigo,2018-05-26,18167
wabash,indiana,71,indiana_wabash,2018-05-26,18169
warrick,indiana,48,indiana_warrick,2018-05-26,18173
black_hawk,iowa,27,iowa_black_hawk,2018-05-26,19013
cerro_gordo,iowa,24,iowa_cerro_gordo,2018-05-26,19033
clinton,iowa,100,iowa_clinton,2018-05-26,19045
johnson,iowa,34,iowa_johnson,2018-05-26,19103
lee,iowa,31,iowa_lee,2018-05-26,19111
linn,iowa,87,iowa_linn,2018-05-26,19113
polk,iowa,84,iowa_polk,2018-05-26,19153
pottawattamie,iowa,44,iowa_pottawattamie,2018-05-26,19155
scott,iowa,100,iowa_scott,2018-05-26,19163
woodbury,iowa,38,iowa_woodbury,2018-05-26,19193
ford,kansas,24,kansas_ford,2018-05-26,20057
johnson,kansas,49,kansas_johnson,2018-05-26,20091
leavenworth,kansas,64,kansas_leavenworth,2018-05-26,20103
sedgwick,kansas,80,kansas_sedgwick,2018-05-26,20173
shawnee,kansas,61,kansas_shawnee,2018-05-26,20177
wyandotte,kansas,64,kansas_wyandotte,2018-05-26,20209
bell,kentucky,32,kentucky_bell,2018-05-26,21013
boone,kentucky,44,kentucky_boone,2018-05-26,21015
boyd,kentucky,49,kentucky_boyd,2018-05-26,21019
bullitt,kentucky,41,kentucky_bullitt,2018-05-26,21029
campbell,kentucky,41,kentucky_campbell,2018-05-26,21037
carter,kentucky,41,kentucky_carter,2018-05-26,21043
christian,kentucky,40,kentucky_christian,2018-05-26,21047
daviess,kentucky,45,kentucky_daviess,2018-05-26,21059
fayette,kentucky,49,kentucky_fayette,2018-05-26,21067
greenup,kentucky,33,kentucky_greenup,2018-05-26,21089
hardin,kentucky,48,kentucky_hardin,2018-05-26,21093
henderson,kentucky,49,kentucky_henderson,2018-05-26,21101
jefferson,kentucky,53,kentucky_jefferson,2018-05-26,21111
jessamine,kentucky,44,kentucky_jessamine,2018-05-26,21113
mccracken,kentucky,48,kentucky_mccracken,2018-05-26,21145
oldham,kentucky,47,kentucky_oldham,2018-05-26,21185
perry,kentucky,51,kentucky_perry,2018-05-26,21193
pike,kentucky,31,kentucky_pike,2018-05-26,21195
pulaski,kentucky,43,kentucky_pulaski,2018-05-26,21199
warren,kentucky,49,kentucky_warren,2018-05-26,21227
androscoggin,maine,38,maine_androscoggin,2018-05-26,23001
aroostook,maine,41,maine_aroostook,2018-05-26,23003
cumberland,maine,50,maine_cumberland,2018-05-26,23005
hancock,maine,71,maine_hancock,2018-05-26,23009
kennebec,maine,74,maine_kennebec,2018-05-26,23011
knox,maine,49,maine_knox,2018-05-26,23013
oxford,maine,87,maine_oxford,2018-05-26,23017
penobscot,maine,58,maine_penobscot,2018-05-26,23019
washington,maine,45,maine_washington,2018-05-26,23029
york,maine,61,maine_york,2018-05-26,23031
allegany,maryland,109,maryland_allegany,2018-05-26,24001
anne_arundel,maryland,54,maryland_anne_arundel,2018-05-26,24003
baltimore,maryland,49,maryland_baltimore,2018-05-26,24005
calvert,maryland,32,maryland_calvert,2018-05-26,24009
carroll,maryland,49,maryland_carroll,2018-05-26,24013
cecil,maryland,67,maryland_cecil,2018-05-26,24015
charles,maryland,33,maryland_charles,2018-05-26,24017
frederick,maryland,48,maryland_frederick,2018-05-26,24021
harford,maryland,64,maryland_harford,2018-05-26,24025
howard,maryland,41,maryland_howard,2018-05-26,24027
montgomery,maryland,43,maryland_montgomery,2018-05-26,24031
prince_george's,maryland,49,maryland_prince_george's,2018-05-26,24033
washington,maryland,47,maryland_washington,2018-05-26,24043
barnstable,massachusetts,101,massachusetts_barnstable,2018-05-26,25001
berkshire,massachusetts,59,massachusetts_berkshire,2018-05-26,25003
bristol,massachusetts,115,massachusetts_bristol,2018-05-26,25005
essex,massachusetts,101,massachusetts_essex,2018-05-26,25009
franklin,massachusetts,90,massachusetts_franklin,2018-05-26,25011
hampden,massachusetts,93,massachusetts_hampden,2018-05-26,25013
hampshire,massachusetts,84,massachusetts_hampshire,2018-05-26,25015
middlesex,massachusetts,90,massachusetts_middlesex,2018-05-26,25017
norfolk,massachusetts,84,massachusetts_norfolk,2018-05-26,25021
plymouth,massachusetts,100,massachusetts_plymouth,2018-05-26,25023
suffolk,massachusetts,90,massachusetts_suffolk,2018-05-26,25025
worcester,massachusetts,87,massachusetts_worcester,2018-05-26,25027
allegan,michigan,77,michigan_allegan,2018-05-26,26005
bay,michigan,50,michigan_bay,2018-05-26,26017
berrien,michigan,100,michigan_berrien,2018-05-26,26021
cass,michigan,100,michigan_cass,2018-05-26,26027
chippewa,michigan,53,michigan_chippewa,2018-05-26,26033
clinton,michigan,67,michigan_clinton,2018-05-26,26037
genesee,michigan,80,michigan_genesee,2018-05-26,26049
ingham,michigan,77,michigan_ingham,2018-05-26,26065
kalamazoo,michigan,93,michigan_kalamazoo,2018-05-26,26077
kent,michigan,80,michigan_kent,2018-05-26,26081
lenawee,michigan,56,michigan_lenawee,2018-05-26,26091
macomb,michigan,71,michigan_macomb,2018-05-26,26099
monroe,michigan,30,michigan_monroe,2018-05-26,26115
muskegon,michigan,74,michigan_muskegon,2018-05-26,26121
oakland,michigan,67,michigan_oakland,2018-05-26,26125
ottawa,michigan,77,michigan_ottawa,2018-05-26,26139
st._clair,michigan,64,michigan_st._clair,2018-05-26,26147
tuscola,michigan,97,michigan_tuscola,2018-05-26,26157
washtenaw,michigan,67,michigan_washtenaw,2018-05-26,26161
wayne,michigan,67,michigan_wayne,2018-05-26,26163
anoka,minnesota,93,minnesota_anoka,2018-05-26,27003
becker,minnesota,97,minnesota_becker,2018-05-26,27005
beltrami,minnesota,28,minnesota_beltrami,2018-05-26,27007
crow_wing,minnesota,50,minnesota_crow_wing,2018-05-26,27035
dakota,minnesota,32,minnesota_dakota,2018-05-26,27037
goodhue,minnesota,84,minnesota_goodhue,2018-05-26,27049
hennepin,minnesota,49,minnesota_hennepin,2018-05-26,27053
olmsted,minnesota,64,minnesota_olmsted,2018-05-26,27109
ramsey,minnesota,54,minnesota_ramsey,2018-05-26,27123
scott,minnesota,101,minnesota_scott,2018-05-26,27139
stearns,minnesota,101,minnesota_stearns,2018-05-26,27145
washington,minnesota,53,minnesota_washington,2018-05-26,27163
wright,minnesota,101,minnesota_wright,2018-05-26,27171
desoto,mississippi,38,mississippi_desoto,2018-05-26,28033
forrest,mississippi,25,mississippi_forrest,2018-05-26,28035
hancock,mississippi,36,mississippi_hancock,2018-05-26,28045
harrison,mississippi,36,mississippi_harrison,2018-05-26,28047
hinds,mississippi,38,mississippi_hinds,2018-05-26,28049
jackson,mississippi,35,mississippi_jackson,2018-05-26,28059
lauderdale,mississippi,31,mississippi_lauderdale,2018-05-26,28075
lee,mississippi,37,mississippi_lee,2018-05-26,28081
boone,missouri,50,missouri_boone,2018-05-26,29019
buchanan,missouri,33,missouri_buchanan,2018-05-26,29021
cass,missouri,58,missouri_cass,2018-05-26,29037
clay,missouri,87,missouri_clay,2018-05-26,29047
franklin,missouri,10,missouri_franklin,2018-05-26,29071
greene,missouri,90,missouri_greene,2018-05-26,29077
jackson,missouri,40,missouri_jackson,2018-05-26,29095
jasper,missouri,74,missouri_jasper,2018-05-26,29097
jefferson,missouri,45,missouri_jefferson,2018-05-26,29099
lincoln,missouri,51,missouri_lincoln,2018-05-26,29113
st._louis_city,missouri,87,missouri_st._louis_city,2018-05-26,29510
stoddard,missouri,29,missouri_stoddard,2018-05-26,29207
taney,missouri,18,missouri_taney,2018-05-26,29213
cascade,montana,26,montana_cascade,2018-05-26,30013
flathead,montana,33,montana_flathead,2018-05-26,30029
lewis_and_clark,montana,67,montana_lewis_and_clark,2018-05-26,30049
missoula,montana,42,montana_missoula,2018-05-26,30063
ravalli,montana,11,montana_ravalli,2018-05-26,30081
silver_bow,montana,15,montana_silver_bow,2018-05-26,30093
yellowstone,montana,35,montana_yellowstone,2018-05-26,30111
douglas,nebraska,93,nebraska_douglas,2018-05-26,31055
hall,nebraska,29,nebraska_hall,2018-05-26,31079
lancaster,nebraska,67,nebraska_lancaster,2018-05-26,31109
sarpy,nebraska,21,nebraska_sarpy,2018-05-26,31153
scotts_bluff,nebraska,24,nebraska_scotts_bluff,2018-05-26,31157
carson_city,nevada,31,nevada_carson_city,2018-05-26,32510
churchill,nevada,31,nevada_churchill,2018-05-26,32001
clark,nevada,58,nevada_clark,2018-05-26,32003
douglas,nevada,2,nevada_douglas,2018-05-26,32005
lyon,nevada,27,nevada_lyon,2018-05-26,32019
nye,nevada,15,nevada_nye,2018-05-26,32023
washoe,nevada,32,nevada_washoe,2018-05-26,32031
belknap,new hampshire,51,new hampshire_belknap,2018-05-26,33001
cheshire,new hampshire,71,new hampshire_cheshire,2018-05-26,33005
coos,new hampshire,90,new hampshire_coos,2018-05-26,33007
grafton,new hampshire,47,new hampshire_grafton,2018-05-26,33009
hillsborough,new hampshire,93,new hampshire_hillsborough,2018-05-26,33011
merrimack,new hampshire,58,new hampshire_merrimack,2018-05-26,33013
rockingham,new hampshire,105,new hampshire_rockingham,2018-05-26,33015
atlantic,new jersey,39,new jersey_atlantic,2018-05-26,34001
bergen,new jersey,84,new jersey_bergen,2018-05-26,34003
camden,new jersey,71,new jersey_camden,2018-05-26,34007
cumberland,new jersey,56,new jersey_cumberland,2018-05-26,34011
essex,new jersey,67,new jersey_essex,2018-05-26,34013
gloucester,new jersey,64,new jersey_gloucester,2018-05-26,34015
hudson,new jersey,65,new jersey_hudson,2018-05-26,34017
hunterdon,new jersey,55,new jersey_hunterdon,2018-05-26,34019
mercer,new jersey,71,new jersey_mercer,2018-05-26,34021
middlesex,new jersey,56,new jersey_middlesex,2018-05-26,34023
monmouth,new jersey,43,new jersey_monmouth,2018-05-26,34025
morris,new jersey,87,new jersey_morris,2018-05-26,34027
ocean,new jersey,71,new jersey_ocean,2018-05-26,34029
passaic,new jersey,80,new jersey_passaic,2018-05-26,34031
union,new jersey,59,new jersey_union,2018-05-26,34039
warren,new jersey,74,new jersey_warren,2018-05-26,34041
bernalillo,new mexico,56,new mexico_bernalillo,2018-05-26,35001
chaves,new mexico,21,new mexico_chaves,2018-05-26,35005
eddy,new mexico,84,new mexico_eddy,2018-05-26,35015
lea,new mexico,97,new mexico_lea,2018-05-26,35025
san_juan,new mexico,64,new mexico_san_juan,2018-05-26,35045
sandoval,new mexico,47,new mexico_sandoval,2018-05-26,35043
santa_fe,new mexico,51,new mexico_santa_fe,2018-05-26,35049
valencia,new mexico,47,new mexico_valencia,2018-05-26,35061
albany,new york,101,new york_albany,2018-05-26,36001
bronx,new york,84,new york_bronx,2018-05-26,36005
chautauqua,new york,101,new york_chautauqua,2018-05-26,36013
dutchess,new york,74,new york_dutchess,2018-05-26,36027
erie,new york,108,new york_erie,2018-05-26,36029
essex,new york,100,new york_essex,2018-05-26,36031
franklin,new york,0,new york_franklin,2018-05-26,36033
herkimer,new york,87,new york_herkimer,2018-05-26,36043
jefferson,new york,84,new york_jefferson,2018-05-26,36045
kings,new york,56,new york_kings,2018-05-26,36047
monroe,new york,108,new york_monroe,2018-05-26,36055
nassau,new york,56,new york_nassau,2018-05-26,36059
new_york,new york,74,new york_new_york,2018-05-26,36061
niagara,new york,97,new york_niagara,2018-05-26,36063
oneida,new york,52,new york_oneida,2018-05-26,36065
onondaga,new york,115,new york_onondaga,2018-05-26,36067
orange,new york,71,new york_orange,2018-05-26,36071
oswego,new york,112,new york_oswego,2018-05-26,36075
putnam,new york,77,new york_putnam,2018-05-26,36079
queens,new york,90,new york_queens,2018-05-26,36081
richmond,new york,58,new york_richmond,2018-05-26,36085
rockland,new york,80,new york_rockland,2018-05-26,36087
saratoga,new york,90,new york_saratoga,2018-05-26,36091
seneca,new york,0,new york_seneca,2018-05-26,36099
st._lawrence,new york,62,new york_st._lawrence,2018-05-26,36089
steuben,new york,77,new york_steuben,2018-05-26,36101
suffolk,new york,115,new york_suffolk,2018-05-26,36103
tompkins,new york,101,new york_tompkins,2018-05-26,36109
wayne,new york,108,new york_wayne,2018-05-26,36117
westchester,new york,84,new york_westchester,2018-05-26,36119
beaufort,north carolina,13,north carolina_beaufort,2018-05-26,37013
brunswick,north carolina,0,north carolina_brunswick,2018-05-26,37019
buncombe,north carolina,23,north carolina_buncombe,2018-05-26,37021
caldwell,north carolina,24,north carolina_caldwell,2018-05-26,37027
carteret,north carolina,19,north carolina_carteret,2018-05-26,37031
catawba,north carolina,19,north carolina_catawba,2018-05-26,37035
cumberland,north carolina,25,north carolina_cumberland,2018-05-26,37051
davidson,north carolina,28,north carolina_davidson,2018-05-26,37057
durham,north carolina,27,north carolina_durham,2018-05-26,37063
edgecombe,north carolina,24,north carolina_edgecombe,2018-05-26,37065
forsyth,north carolina,30,north carolina_forsyth,2018-05-26,37067
granville,north carolina,24,north carolina_granville,2018-05-26,37077
guilford,north carolina,28,north carolina_guilford,2018-05-26,37081
haywood,north carolina,46,north carolina_haywood,2018-05-26,37087
jackson,north carolina,14,north carolina_jackson,2018-05-26,37099
johnston,north carolina,27,north carolina_johnston,2018-05-26,37101
lee,north carolina,23,north carolina_lee,2018-05-26,37105
lenoir,north carolina,20,north carolina_lenoir,2018-05-26,37107
lincoln,north carolina,27,north carolina_lincoln,2018-05-26,37109
macon,north carolina,25,north carolina_macon,2018-05-26,37113
mecklenburg,north carolina,29,north carolina_mecklenburg,2018-05-26,37119
new_hanover,north carolina,19,north carolina_new_hanover,2018-05-26,37129
person,north carolina,22,north carolina_person,2018-05-26,37145
pitt,north carolina,23,north carolina_pitt,2018-05-26,37147
rockingham,north carolina,25,north carolina_rockingham,2018-05-26,37157
rowan,north carolina,24,north carolina_rowan,2018-05-26,37159
union,north carolina,30,north carolina_union,2018-05-26,37179
wake,north carolina,31,north carolina_wake,2018-05-26,37183
burleigh,north dakota,61,north dakota_burleigh,2018-05-26,38015
cass,north dakota,97,north dakota_cass,2018-05-26,38017
ward,north dakota,38,north dakota_ward,2018-05-26,38101
adams,ohio,42,ohio_adams,2018-05-26,39001
allen,ohio,50,ohio_allen,2018-05-26,39003
ashtabula,ohio,97,ohio_ashtabula,2018-05-26,39007
athens,ohio,15,ohio_athens,2018-05-26,39009
belmont,ohio,47,ohio_belmont,2018-05-26,39013
butler,ohio,64,ohio_butler,2018-05-26,39017
clark,ohio,64,ohio_clark,2018-05-26,39023
clermont,ohio,46,ohio_clermont,2018-05-26,39025
clinton,ohio,49,ohio_clinton,2018-05-26,39027
columbiana,ohio,23,ohio_columbiana,2018-05-26,39029
cuyahoga,ohio,83,ohio_cuyahoga,2018-05-26,39035
delaware,ohio,50,ohio_delaware,2018-05-26,39041
fayette,ohio,49,ohio_fayette,2018-05-26,39047
franklin,ohio,54,ohio_franklin,2018-05-26,39049
gallia,ohio,13,ohio_gallia,2018-05-26,39053
geauga,ohio,77,ohio_geauga,2018-05-26,39055
greene,ohio,50,ohio_greene,2018-05-26,39057
hamilton,ohio,66,ohio_hamilton,2018-05-26,39061
jefferson,ohio,58,ohio_jefferson,2018-05-26,39081
knox,ohio,64,ohio_knox,2018-05-26,39083
lake,ohio,90,ohio_lake,2018-05-26,39085
lawrence,ohio,38,ohio_lawrence,2018-05-26,39087
licking,ohio,51,ohio_licking,2018-05-26,39089
lorain,ohio,59,ohio_lorain,2018-05-26,39093
lucas,ohio,77,ohio_lucas,2018-05-26,39095
madison,ohio,54,ohio_madison,2018-05-26,39097
mahoning,ohio,59,ohio_mahoning,2018-05-26,39099
medina,ohio,48,ohio_medina,2018-05-26,39103
miami,ohio,47,ohio_miami,2018-05-26,39109
montgomery,ohio,54,ohio_montgomery,2018-05-26,39113
portage,ohio,53,ohio_portage,2018-05-26,39133
scioto,ohio,39,ohio_scioto,2018-05-26,39145
stark,ohio,57,ohio_stark,2018-05-26,39151
summit,ohio,54,ohio_summit,2018-05-26,39153
trumbull,ohio,64,ohio_trumbull,2018-05-26,39155
warren,ohio,58,ohio_warren,2018-05-26,39165
washington,ohio,49,ohio_washington,2018-05-26,39167
wood,ohio,50,ohio_wood,2018-05-26,39173
adair,oklahoma,58,oklahoma_adair,2018-05-26,40001
bryan,oklahoma,48,oklahoma_bryan,2018-05-26,40013
canadian,oklahoma,93,oklahoma_canadian,2018-05-26,40017
carter,oklahoma,28,oklahoma_carter,2018-05-26,40019
cleveland,oklahoma,61,oklahoma_cleveland,2018-05-26,40027
comanche,oklahoma,64,oklahoma_comanche,2018-05-26,40031
creek,oklahoma,51,oklahoma_creek,2018-05-26,40037
garfield,oklahoma,0,oklahoma_garfield,2018-05-26,40047
kay,oklahoma,48,oklahoma_kay,2018-05-26,40071
mayes,oklahoma,58,oklahoma_mayes,2018-05-26,40097
muskogee,oklahoma,19,oklahoma_muskogee,2018-05-26,40101
oklahoma,oklahoma,71,oklahoma_oklahoma,2018-05-26,40109
osage,oklahoma,101,oklahoma_osage,2018-05-26,40113
ottawa,oklahoma,49,oklahoma_ottawa,2018-05-26,40115
pittsburg,oklahoma,48,oklahoma_pittsburg,2018-05-26,40121
sequoyah,oklahoma,48,oklahoma_sequoyah,2018-05-26,40135
tulsa,oklahoma,80,oklahoma_tulsa,2018-05-26,40143
benton,oregon,10,oregon_benton,2018-05-26,41003
clackamas,oregon,36,oregon_clackamas,2018-05-26,41005
deschutes,oregon,13,oregon_deschutes,2018-05-26,41017
douglas,oregon,15,oregon_douglas,2018-05-26,41019
jackson,oregon,34,oregon_jackson,2018-05-26,41029
josephine,oregon,15,oregon_josephine,2018-05-26,41033
klamath,oregon,8,oregon_klamath,2018-05-26,41035
lane,oregon,34,oregon_lane,2018-05-26,41039
linn,oregon,15,oregon_linn,2018-05-26,41043
marion,oregon,35,oregon_marion,2018-05-26,41047
multnomah,oregon,33,oregon_multnomah,2018-05-26,41051
umatilla,oregon,37,oregon_umatilla,2018-05-26,41059
washington,oregon,27,oregon_washington,2018-05-26,41067
adams,pennsylvania,64,pennsylvania_adams,2018-05-26,42001
allegheny,pennsylvania,105,pennsylvania_allegheny,2018-05-26,42003
armstrong,pennsylvania,90,pennsylvania_armstrong,2018-05-26,42005
beaver,pennsylvania,87,pennsylvania_beaver,2018-05-26,42007
berks,pennsylvania,67,pennsylvania_berks,2018-05-26,42011
blair,pennsylvania,80,pennsylvania_blair,2018-05-26,42013
bradford,pennsylvania,97,pennsylvania_bradford,2018-05-26,42015
bucks,pennsylvania,93,pennsylvania_bucks,2018-05-26,42017
cambria,pennsylvania,54,pennsylvania_cambria,2018-05-26,42021
centre,pennsylvania,80,pennsylvania_centre,2018-05-26,42027
chester,pennsylvania,53,pennsylvania_chester,2018-05-26,42029
clearfield,pennsylvania,101,pennsylvania_clearfield,2018-05-26,42033
cumberland,pennsylvania,54,pennsylvania_cumberland,2018-05-26,42041
dauphin,pennsylvania,64,pennsylvania_dauphin,2018-05-26,42043
delaware,pennsylvania,63,pennsylvania_delaware,2018-05-26,42045
elk,pennsylvania,80,pennsylvania_elk,2018-05-26,42047
erie,pennsylvania,51,pennsylvania_erie,2018-05-26,42049
fayette,pennsylvania,54,pennsylvania_fayette,2018-05-26,42051
franklin,pennsylvania,46,pennsylvania_franklin,2018-05-26,42055
greene,pennsylvania,48,pennsylvania_greene,2018-05-26,42059
indiana,pennsylvania,97,pennsylvania_indiana,2018-05-26,42063
lackawanna,pennsylvania,84,pennsylvania_lackawanna,2018-05-26,42069
lancaster,pennsylvania,74,pennsylvania_lancaster,2018-05-26,42071
lawrence,pennsylvania,67,pennsylvania_lawrence,2018-05-26,42073
lebanon,pennsylvania,71,pennsylvania_lebanon,2018-05-26,42075
lehigh,pennsylvania,80,pennsylvania_lehigh,2018-05-26,42077
luzerne,pennsylvania,93,pennsylvania_luzerne,2018-05-26,42079
lycoming,pennsylvania,80,pennsylvania_lycoming,2018-05-26,42081
mercer,pennsylvania,74,pennsylvania_mercer,2018-05-26,42085
monroe,pennsylvania,97,pennsylvania_monroe,2018-05-26,42089
montgomery,pennsylvania,71,pennsylvania_montgomery,2018-05-26,42091
northampton,pennsylvania,80,pennsylvania_northampton,2018-05-26,42095
philadelphia,pennsylvania,90,pennsylvania_philadelphia,2018-05-26,42101
somerset,pennsylvania,77,pennsylvania_somerset,2018-05-26,42111
tioga,pennsylvania,97,pennsylvania_tioga,2018-05-26,42117
warren,pennsylvania,26,pennsylvania_warren,2018-05-26,42123
washington,pennsylvania,64,pennsylvania_washington,2018-05-26,42125
westmoreland,pennsylvania,80,pennsylvania_westmoreland,2018-05-26,42129
york,pennsylvania,54,pennsylvania_york,2018-05-26,42133
kent,rhode island,122,rhode island_kent,2018-05-26,44003
providence,rhode island,133,rhode island_providence,2018-05-26,44007
washington,rhode island,101,rhode island_washington,2018-05-26,44009
aiken,south carolina,21,south carolina_aiken,2018-05-26,45003
anderson,south carolina,24,south carolina_anderson,2018-05-26,45007
berkeley,south carolina,19,south carolina_berkeley,2018-05-26,45015
charleston,south carolina,26,south carolina_charleston,2018-05-26,45019
chesterfield,south carolina,28,south carolina_chesterfield,2018-05-26,45025
colleton,south carolina,21,south carolina_colleton,2018-05-26,45029
darlington,south carolina,23,south carolina_darlington,2018-05-26,45031
florence,south carolina,24,south carolina_florence,2018-05-26,45041
georgetown,south carolina,15,south carolina_georgetown,2018-05-26,45043
greenville,south carolina,26,south carolina_greenville,2018-05-26,45045
horry,south carolina,21,south carolina_horry,2018-05-26,45051
lexington,south carolina,27,south carolina_lexington,2018-05-26,45063
oconee,south carolina,24,south carolina_oconee,2018-05-26,45073
pickens,south carolina,29,south carolina_pickens,2018-05-26,45077
richland,south carolina,24,south carolina_richland,2018-05-26,45079
spartanburg,south carolina,29,south carolina_spartanburg,2018-05-26,45083
york,south carolina,23,south carolina_york,2018-05-26,45091
brown,south dakota,24,south dakota_brown,2018-05-26,46013
minnehaha,south dakota,77,south dakota_minnehaha,2018-05-26,46099
pennington,south dakota,26,south dakota_pennington,2018-05-26,46103
anderson,tennessee,36,tennessee_anderson,2018-05-26,47001
blount,tennessee,35,tennessee_blount,2018-05-26,47009
claiborne,tennessee,39,tennessee_claiborne,2018-05-26,47025
davidson,tennessee,36,tennessee_davidson,2018-05-26,47037
dyer,tennessee,32,tennessee_dyer,2018-05-26,47045
hamilton,tennessee,40,tennessee_hamilton,2018-05-26,47065
jefferson,tennessee,32,tennessee_jefferson,2018-05-26,47089
knox,tennessee,35,tennessee_knox,2018-05-26,47093
lawrence,tennessee,30,tennessee_lawrence,2018-05-26,47099
loudon,tennessee,38,tennessee_loudon,2018-05-26,47105
madison,tennessee,23,tennessee_madison,2018-05-26,47113
mcminn,tennessee,24,tennessee_mcminn,2018-05-26,47107
montgomery,tennessee,27,tennessee_montgomery,2018-05-26,47125
putnam,tennessee,28,tennessee_putnam,2018-05-26,47141
roane,tennessee,24,tennessee_roane,2018-05-26,47145
sevier,tennessee,37,tennessee_sevier,2018-05-26,47155
shelby,tennessee,49,tennessee_shelby,2018-05-26,47157
sullivan,tennessee,39,tennessee_sullivan,2018-05-26,47163
sumner,tennessee,38,tennessee_sumner,2018-05-26,47165
williamson,tennessee,37,tennessee_williamson,2018-05-26,47187
wilson,tennessee,37,tennessee_wilson,2018-05-26,47189
bell,texas,51,texas_bell,2018-05-26,48027
bexar,texas,61,texas_bexar,2018-05-26,48029
bowie,texas,36,texas_bowie,2018-05-26,48037
brazoria,texas,39,texas_brazoria,2018-05-26,48039
cameron,texas,31,texas_cameron,2018-05-26,48061
collin,texas,136,texas_collin,2018-05-26,48085
dallas,texas,143,texas_dallas,2018-05-26,48113
denton,texas,133,texas_denton,2018-05-26,48121
ector,texas,29,texas_ector,2018-05-26,48135
el_paso,texas,69,texas_el_paso,2018-05-26,48141
ellis,texas,77,texas_ellis,2018-05-26,48139
galveston,texas,17,texas_galveston,2018-05-26,48167
gregg,texas,44,texas_gregg,2018-05-26,48183
harris,texas,54,texas_harris,2018-05-26,48201
harrison,texas,45,texas_harrison,2018-05-26,48203
hidalgo,texas,37,texas_hidalgo,2018-05-26,48215
hood,texas,64,texas_hood,2018-05-26,48221
howard,texas,61,texas_howard,2018-05-26,48227
hunt,texas,58,texas_hunt,2018-05-26,48231
jefferson,texas,36,texas_jefferson,2018-05-26,48245
johnson,texas,90,texas_johnson,2018-05-26,48251
kaufman,texas,61,texas_kaufman,2018-05-26,48257
lubbock,texas,33,texas_lubbock,2018-05-26,48303
mclennan,texas,64,texas_mclennan,2018-05-26,48309
montgomery,texas,48,texas_montgomery,2018-05-26,48339
navarro,texas,64,texas_navarro,2018-05-26,48349
nueces,texas,24,texas_nueces,2018-05-26,48355
orange,texas,39,texas_orange,2018-05-26,48361
parker,texas,58,texas_parker,2018-05-26,48367
polk,texas,37,texas_polk,2018-05-26,48373
potter,texas,52,texas_potter,2018-05-26,48375
randall,texas,80,texas_randall,2018-05-26,48381
rockwall,texas,74,texas_rockwall,2018-05-26,48397
rusk,texas,6,texas_rusk,2018-05-26,48401
smith,texas,49,texas_smith,2018-05-26,48423
tarrant,texas,159,texas_tarrant,2018-05-26,48439
travis,texas,50,texas_travis,2018-05-26,48453
victoria,texas,32,texas_victoria,2018-05-26,48469
webb,texas,39,texas_webb,2018-05-26,48479
box_elder,utah,80,utah_box_elder,2018-05-26,49003
cache,utah,77,utah_cache,2018-05-26,49005
davis,utah,74,utah_davis,2018-05-26,49011
salt_lake,utah,80,utah_salt_lake,2018-05-26,49035
utah,utah,61,utah_utah,2018-05-26,49049
washington,utah,74,utah_washington,2018-05-26,49053
weber,utah,87,utah_weber,2018-05-26,49057
bennington,vermont,100,vermont_bennington,2018-05-26,50003
chittenden,vermont,51,vermont_chittenden,2018-05-26,50007
rutland,vermont,77,vermont_rutland,2018-05-26,50021
albemarle,virginia,27,virginia_albemarle,2018-05-26,51003
alexandria_city,virginia,6,virginia_alexandria_city,2018-05-26,51510
arlington,virginia,40,virginia_arlington,2018-05-26,51013
bristol_city,virginia,25,virginia_bristol_city,2018-05-26,51520
carroll,virginia,9,virginia_carroll,2018-05-26,51035
chesterfield,virginia,28,virginia_chesterfield,2018-05-26,51041
fairfax,virginia,32,virginia_fairfax,2018-05-26,51059
fauquier,virginia,25,virginia_fauquier,2018-05-26,51061
frederick,virginia,35,virginia_frederick,2018-05-26,51069
hampton_city,virginia,26,virginia_hampton_city,2018-05-26,51650
hanover,virginia,29,virginia_hanover,2018-05-26,51085
henrico,virginia,30,virginia_henrico,2018-05-26,51087
loudoun,virginia,40,virginia_loudoun,2018-05-26,51107
lynchburg_city,virginia,22,virginia_lynchburg_city,2018-05-26,51680
norfolk_city,virginia,24,virginia_norfolk_city,2018-05-26,51710
prince_william,virginia,34,virginia_prince_william,2018-05-26,51153
richmond_city,virginia,30,virginia_richmond_city,2018-05-26,51760
roanoke,virginia,27,virginia_roanoke,2018-05-26,51161
rockbridge,virginia,24,virginia_rockbridge,2018-05-26,51163
rockingham,virginia,32,virginia_rockingham,2018-05-26,51165
stafford,virginia,29,virginia_stafford,2018-05-26,51179
suffolk_city,virginia,22,virginia_suffolk_city,2018-05-26,51800
virginia_beach_city,virginia,25,virginia_virginia_beach_city,2018-05-26,51810
wythe,virginia,31,virginia_wythe,2018-05-26,51197
asotin,washington,18,washington_asotin,2018-05-26,53003
benton,washington,41,washington_benton,2018-05-26,53005
chelan,washington,17,washington_chelan,2018-05-26,53007
clallam,washington,34,washington_clallam,2018-05-26,53009
clark,washington,33,washington_clark,2018-05-26,53011
cowlitz,washington,9,washington_cowlitz,2018-05-26,53015
franklin,washington,17,washington_franklin,2018-05-26,53021
grant,washington,17,washington_grant,2018-05-26,53025
grays_harbor,washington,12,washington_grays_harbor,2018-05-26,53027
jefferson,washington,17,washington_jefferson,2018-05-26,53031
king,washington,38,washington_king,2018-05-26,53033
kitsap,washington,12,washington_kitsap,2018-05-26,53035
kittitas,washington,21,washington_kittitas,2018-05-26,53037
lewis,washington,13,washington_lewis,2018-05-26,53041
mason,washington,13,washington_mason,2018-05-26,53045
pierce,washington,32,washington_pierce,2018-05-26,53053
skagit,washington,38,washington_skagit,2018-05-26,53057
snohomish,washington,22,washington_snohomish,2018-05-26,53061
spokane,washington,44,washington_spokane,2018-05-26,53063
stevens,washington,17,washington_stevens,2018-05-26,53065
thurston,washington,36,washington_thurston,2018-05-26,53067
walla_walla,washington,14,washington_walla_walla,2018-05-26,53071
whatcom,washington,47,washington_whatcom,2018-05-26,53073
yakima,washington,25,washington_yakima,2018-05-26,53077
berkeley,west virginia,42,west virginia_berkeley,2018-05-26,54003
brooke,west virginia,58,west virginia_brooke,2018-05-26,54009
cabell,west virginia,41,west virginia_cabell,2018-05-26,54011
greenbrier,west virginia,31,west virginia_greenbrier,2018-05-26,54025
hancock,west virginia,56,west virginia_hancock,2018-05-26,54029
harrison,west virginia,40,west virginia_harrison,2018-05-26,54033
kanawha,west virginia,45,west virginia_kanawha,2018-05-26,54039
marion,west virginia,45,west virginia_marion,2018-05-26,54049
marshall,west virginia,61,west virginia_marshall,2018-05-26,54051
mineral,west virginia,4,west virginia_mineral,2018-05-26,54057
monongalia,west virginia,48,west virginia_monongalia,2018-05-26,54061
ohio,west virginia,49,west virginia_ohio,2018-05-26,54069
wood,west virginia,56,west virginia_wood,2018-05-26,54107
brown,wisconsin,93,wisconsin_brown,2018-05-26,55009
columbia,wisconsin,84,wisconsin_columbia,2018-05-26,55021
dane,wisconsin,80,wisconsin_dane,2018-05-26,55025
dodge,wisconsin,101,wisconsin_dodge,2018-05-26,55027
eau_claire,wisconsin,87,wisconsin_eau_claire,2018-05-26,55035
fond_du_lac,wisconsin,93,wisconsin_fond_du_lac,2018-05-26,55039
grant,wisconsin,13,wisconsin_grant,2018-05-26,55043
jefferson,wisconsin,87,wisconsin_jefferson,2018-05-26,55055
kenosha,wisconsin,112,wisconsin_kenosha,2018-05-26,55059
la_crosse,wisconsin,50,wisconsin_la_crosse,2018-05-26,55063
manitowoc,wisconsin,105,wisconsin_manitowoc,2018-05-26,55071
marathon,wisconsin,71,wisconsin_marathon,2018-05-26,55073
milwaukee,wisconsin,97,wisconsin_milwaukee,2018-05-26,55079
outagamie,wisconsin,87,wisconsin_outagamie,2018-05-26,55087
ozaukee,wisconsin,90,wisconsin_ozaukee,2018-05-26,55089
racine,wisconsin,100,wisconsin_racine,2018-05-26,55101
rock,wisconsin,87,wisconsin_rock,2018-05-26,55105
sauk,wisconsin,80,wisconsin_sauk,2018-05-26,55111
sheboygan,wisconsin,115,wisconsin_sheboygan,2018-05-26,55117
walworth,wisconsin,77,wisconsin_walworth,2018-05-26,55127
waukesha,wisconsin,84,wisconsin_waukesha,2018-05-26,55133
fremont,wyoming,49,wyoming_fremont,2018-05-26,56013
laramie,wyoming,67,wyoming_laramie,2018-05-26,56021
natrona,wyoming,48,wyoming_natrona,2018-05-26,56025
sheridan,wyoming,49,wyoming_sheridan,2018-05-26,56033
sweetwater,wyoming,61,wyoming_sweetwater,2018-05-26,56037
